<?xml version="1.0" encoding="UTF-8"?>
<resources>
	<!-- This came right out of frameworks/base/include/ui/KeycodeLabels.h -->
 	<string-array name="keycode_labels">
    <item>SOFT LEFT</item>
    <item>SOFT RIGHT</item>
    <item>HOME</item>
    <item>BACK</item>
    <item>CALL</item>
    <item>ENDCALL</item>
    <item>0</item>
    <item>1</item>
    <item>2</item>
    <item>3</item>
    <item>4</item>
    <item>5</item>
    <item>6</item>
    <item>7</item>
    <item>8</item>
    <item>9</item>
    <item>STAR</item>
    <item>POUND</item>
    <item>DPAD UP</item>
    <item>DPAD DOWN</item>
    <item>DPAD LEFT</item>
    <item>DPAD RIGHT</item>
    <item>DPAD CENTER</item>
    <item>VOLUME UP</item>
    <item>VOLUME DOWN</item>
    <item>POWER</item>
    <item>CAMERA</item>
    <item>CLEAR</item>
    <item>A</item>
    <item>B</item>
    <item>C</item>
    <item>D</item>
    <item>E</item>
    <item>F</item>
    <item>G</item>
    <item>H</item>
    <item>I</item>
    <item>J</item>
    <item>K</item>
    <item>L</item>
    <item>M</item>
    <item>N</item>
    <item>O</item>
    <item>P</item>
    <item>Q</item>
    <item>R</item>
    <item>S</item>
    <item>T</item>
    <item>U</item>
    <item>V</item>
    <item>W</item>
    <item>X</item>
    <item>Y</item>
    <item>Z</item>
    <item>COMMA</item>
    <item>PERIOD</item>
    <item>ALT LEFT</item>
    <item>ALT RIGHT</item>
    <item>SHIFT LEFT</item>
    <item>SHIFT RIGHT</item>
    <item>TAB</item>
    <item>SPACE</item>
    <item>SYM</item>
    <item>EXPLORER</item>
    <item>ENVELOPE</item>
    <item>ENTER</item>
    <item>DEL</item>
    <item>GRAVE</item>
    <item>MINUS</item>
    <item>EQUALS</item>
    <item>LEFT BRACKET</item>
    <item>RIGHT BRACKET</item>
    <item>BACKSLASH</item>
    <item>SEMICOLON</item>
    <item>APOSTROPHE</item>
    <item>SLASH</item>
    <item>AT</item>
    <item>NUM</item>
    <item>HEADSETHOOK</item>
    <item>FOCUS</item>
    <item>PLUS</item>
    <item>MENU</item>
    <item>NOTIFICATION</item>
    <item>SEARCH</item>
  </string-array>
</resources>