<?xml version="1.0" encoding="utf-8"?>
<resources>

<!-- Kabocha Dialog Entries -->

<string name="Kabocha_0_2_1_1">
You survived the fusion! I knew there was a <b>special</b> life force down there. And you rescued it! <small>Now we can use you..</small> err I mean you can help us with your new abilities.
</string>

<string name="Kabocha_0_2_1_2">
Before you go blindly rolling out into the dangerous zones ahead <small>and no doubt kill yourself</small> a few of us Shadows have secured a small area for you to practice your new abilities.
</string>

<string name="Kabocha_0_2_1_3">
Use the trackball, d-pad, or on screen slider to <b>roll left and right</b>.  Try rolling down that hill.
</string>

<string name="Kabocha_0_2_2_1">
Great! Now you can move side to side! Of course, walls and other obstacles will require a little more freedom of movement than that..
</string>

<string name="Kabocha_0_2_2_2">
As a fellow Shadow, we are all capable of morphing our shape. Combined with your new Light powers you might be able to add extra power to our already totally sweet Shadow abilities.   <b>Tap the big White button on the bottom of the screen to jump, and hold it down to fly.</b>  Be careful though--you can only take so much strain when using your Light abilities before landing and regenerating, you are still a Shadow at heart.
</string>

<string name="Kabocha_0_2_2_3">
Try flying up this shaft.
</string>

<string name="Kabocha_0_2_3_1">
Looks like you\'ve got your wings! <small>Literally Hehe</small>. Don\'t worry, that White bar at the top isn\'t your health, it just drains as you use your Light abilities.
</string>

<string name="Kabocha_0_2_3_2">
Now all this is surely new to you.. <small>a shadow flying?? Now I\'ve done seen about everything, when I\'ve seen a Shadow fly</small>.  Don\'t worry we\'ve set up some practice for you ahead.
</string>

<string name="Kabocha_0_2_4_1">
For our first try as morphed Shadow/Light ball-thingy instructors, I think we\'re doing a pretty swell job! Oh, and your not so bad as a trainee yourself!
</string>

<string name="Kabocha_0_2_4_2">
Did you see those little orbs floating in the air along the way?  They\'re called Shadow energy, you should <b>collect them</b> as you explore our world.  If you get hurt, collecting Shadow energy will <b>help you regenerate</b> and give you a <b>powerful Light shield</b> for a short time.
</string>

<string name="Kabocha_0_2_4_3">
Alright, now that you\'ve got your movement down,  let\’s get ..<b>moving</b>. <small>That sounded much more Punny in my head..</small>  Pull the lever on the ground over there to clear a path.
</string>

<string name="Kabocha_0_2_5_1">
I think your ready..  In the past few days, our world has begun tearing itself apart from the impact of this contamination, The Light.
</string>

<string name="Kabocha_0_2_5_2">
Because of your capabilities, you should be able to destroy the minions it produces without harming yourself. To test this we\'ve captured one ahead for you, <small>hope this works</small>! <small>If not we stand no chance, Oh and you won\'t be doing so good either</small>..
</string>

<string name="Kabocha_0_2_5_3">
Don\'t think you can just be running into them though! You\'ll need to overwhelm them with darkness to fully destroy them. While in the air, <b>press the Black attack button to drop your full weight onto enemies and crush them</b>.
</string>

<string name="Kabocha_0_2_6_1">
Your alive! I had no doubt you would survive! Of course, you can always just avoid these Light manifestations if you like, but you’ll be doing everyone a great service if you destroy them seeing as your the only one who can touch them.  Remember, if you get hurt you can always collect Shadow energy to restore your health.
</string>

<string name="Kabocha_0_2_6_2">
Theres one more thing you should know about your transformation.. You\'ll need to gather <b>Captured Light sources</b> to survive in this hybrid state between Shadow and Light. Their power should be just enough to keep your morphed state in tact until we find a more permanent solution, so <b>collect them whenever you see them</b>.  We believe there should be at least three sources of Captured Light in each area, and to get to the next area you must <b>collect all three</b>.
</string>

<string name="Kabocha_0_2_6_3">
That\'s it, I think your finally ready to save us!  We\'ve gathered some Captured Light source ahead to give you an example of what your looking for.  Use them to gain power before heading off.
</string>


<string name="Kabocha_0_3_1_1">
How was your first few challenges?  You\'ve done great surviving this far! With all your new experience, we think you\'re ready for something a bit more complicated.
</string>

<string name="Kabocha_0_3_1_2">
First, make your way through this maze.  Make sure you pick up the Captured Light source on the way.
</string>

<string name="Kabocha_0_3_2_1">
Combining your Shadow energy and Light power can be an extremely powerful resource. To demonstrate, we\'ve come up with a new technique for you to master. While standing on the ground, <b>hold down the Black attack button</b> for a few seconds to charge up the <b>Manipulation Orb</b>.
</string>

<string name="Kabocha_0_3_2_2">
Once the Manipulation Orb is released, you can control its movement by tilting the phone up, down, and side to side.  Running it into smaller Light manifestations will allow you to possess them.  Pressing the attack button will destroy it and return control to your body.
</string>

<string name="Kabocha_0_3_2_3">
Try possessing that manifestation down there and using him to clear you pathway ahead.  Here’s a hint: releasing a possessed Light manifestation causes it to explode.
</string>

<string name="Kabocha_0_3_3_1">
That was amazing! <small>Now if only I could do that, there\'s a few people I\'d control Hehe</small>. Because this technique is so new to us, we can only control the smallest Light manifestations so don\'t get too crazy with power!  
</string>

<string name="Kabocha_0_3_3_2">
One more thing about possession: because those Manipulation Orbs require a lot of power to maintain, you can only use them for a short time if you have not collected any sources of Captured Light.  Collecting Captured Light sources will extend the amount of time the orb can survive before dissipating.
</string>

<string name="Kabocha_0_3_3_3">
Let’s practice possession a little more.  I’ll meet you up top.
</string>

<string name="Kabocha_0_3_4_1">
Now that you\'re fully trained, it\'s time to get to buisness.
</string>

<string name="Kabocha_0_3_4_2">
This Light influx is getting more and more powerful everyday, causing even our darkest corners to shine. <small>You know how hard it is to clean when everything is visible</small>??
</string>

<string name="Kabocha_0_3_5_1">
If we don\'t act soon, everything we know could easily be destroyed by this destructive Light. Even the manifestations it creates have been becoming more powerful, soon not even our most veteran Shadows will be able to contain them. That\'s why you are so important to us.
</string>

<string name="Kabocha_0_3_5_2">
As Shadows, we can\'t even come close to The Light source without being vanquished by it\'s brightness. Only you, with your fusion of the two can stand a chance of saving us.
</string>

<string name="Kabocha_0_3_5_3">
Always remember you are still a Shadow creature though, as even you can still be destroyed by too much exposure to The Light. <b>Light that has breached the ground for example will destroy you on touch</b>.
</string>

<string name="Kabocha_0_3_5_4">
<small>Hurry Obi Wan.. you\'re our only hope..</small> Oh wait wrong story.
</string>



<string name = "Kabocha_4_3_1_1">
Jolly good work, my little friend!  The Source is within my grasp after all these years!
</string>
<string name = "Kabocha_4_3_1_2">
Ha ha ha ha ha ha ha ha ha ha ha ha ha ha!  My time has finally come.  Rokudou, you shall cower at my feet!  If you lick my boots well enough I may find it in my heart to kill you quickly.  I was thinking of slowly replacing your bone marrow with molten lead, but that might not be painful enough.
</string>
<string name = "Kabocha_4_3_1_3">
Oh, jolly day!  Finally, after all my research, my blood and sweat and tears, finally The Source is mine.  Nobody shall stand in my way now!  Ho ha ha ha ha ha he ha ha ha ho ha he ha ho he ha ha he he ho ho ha he ho ha ha!
</string>
<string name = "Kabocha_4_3_1_4">
(Ahem)  As for you, my little green friend, you’ve reached the end of your usefulness.  As your creator, I thank you for your service.  I really should shut you down properly, but right now The Source and I have more important matters to attend to back at the lab.  Tell you what: your final command is to rot down here in this cave.  See to it that you follow it to the letter. <small>Ta-ta!</small>
</string>

<string name = "Kabocha_final_boss_1_1">
Don’t waste your breath, Rokudou.  This little robot is <i>my</i> creation, and he does <i>my</i> bidding.
</string>
<string name = "Kabocha_final_boss_1_2">
I underestimated you, my little friend.  Your capabilities have far surpassed even my most optimistic projections.  Still, you are hardwired to follow my command.  And besides, Rokudou is a soulless monster.  What makes you think you can trust him?
</string>
<string name = "Kabocha_final_boss_1_3">
Now, do me a favor and go knock his head in.  A few well-placed stomps should do the trick.  Jolly ho!
</string>
</resources>