<?xml version="1.0" encoding="utf-8"?>
<dialog>

<conversation>
<page
  image="@drawable/kabocha_closeup_normal"
  text = "@string/Kabocha_0_3_1_1" 
  title = "@string/Kabocha"
/>

<page
  image="@drawable/kabocha_closeup_normal"
  text = "@string/Kabocha_0_3_1_2" 
  title = "@string/Kabocha"
/>

</conversation>

<conversation>
 <page
  image="@drawable/kabocha_closeup_normal"
  text = "@string/Kabocha_0_3_2_1" 
  title = "@string/Kabocha"
/>

 <page
  image="@drawable/kabocha_closeup_normal"
  text = "@string/Kabocha_0_3_2_2" 
  title = "@string/Kabocha"
/>

 <page
  image="@drawable/kabocha_closeup_normal"
  text = "@string/Kabocha_0_3_2_3" 
  title = "@string/Kabocha"
/>
 
</conversation>

<conversation>
 <page
  image="@drawable/kabocha_closeup_normal"
  text = "@string/Kabocha_0_3_3_1" 
  title = "@string/Kabocha"
/>

 <page
  image="@drawable/kabocha_closeup_normal"
  text = "@string/Kabocha_0_3_3_2" 
  title = "@string/Kabocha"
/>

 <page
  image="@drawable/kabocha_closeup_normal"
  text = "@string/Kabocha_0_3_3_3" 
  title = "@string/Kabocha"
/>
</conversation>

<conversation>
 <page
  image="@drawable/kabocha_closeup_normal"
  text = "@string/Kabocha_0_3_4_1" 
  title = "@string/Kabocha"
/>

 <page
  image="@drawable/kabocha_closeup_normal"
  text = "@string/Kabocha_0_3_4_2" 
  title = "@string/Kabocha"
/>

</conversation>

<conversation>
 <page
  image="@drawable/kabocha_closeup_normal"
  text = "@string/Kabocha_0_3_5_1" 
  title = "@string/Kabocha"
/>

 <page
  image="@drawable/kabocha_closeup_normal"
  text = "@string/Kabocha_0_3_5_2" 
  title = "@string/Kabocha"
/>

 <page
  image="@drawable/kabocha_closeup_normal"
  text = "@string/Kabocha_0_3_5_3" 
  title = "@string/Kabocha"
/>

 <page
  image="@drawable/kabocha_closeup_normal"
  text = "@string/Kabocha_0_3_5_4" 
  title = "@string/Kabocha"
/>

</conversation>

</dialog>