<?xml version="1.0" encoding="utf-8"?>
<levelTree>
    <group>
        <level resource="@raw/feral_village" title="@string/village" time="@string/level_0_2_time">
        </level>
        <level resource="@raw/room" title="@string/village" time="@string/level_0_2_time">
        </level>
        <level resource="@raw/level_1_1_island" title="@string/village" time="@string/level_0_2_time">
        </level>
    </group>
    <group>
        <level resource="@raw/level_0_3_lab" title="@string/level_0_3_lab" time="@string/level_0_3_time">
            <dialog>
                <character1 resource="@xml/level_3_5_dialog_wanda" />
            </dialog>
        </level>
    </group>
    <group>
        <level resource="@raw/level_1_1_island" title="@string/level_1_1_island" time="@string/level_1_1_time" past="true">
        </level>
    </group>
    <group>
        <level resource="@raw/level_1_2_island" title="@string/level_1_2_island" time="@string/level_1_2_time" past="true" />
        </group>
    <group>
        <level resource="@raw/level_1_3_island" title="@string/level_1_3_island" time="@string/level_1_3_time" past="true">
            <dialog>
                <diary resource="@string/Diary1" />
                <character1 resource="@xml/level_0_3_dialog_kabocha" />
            </dialog>
        </level>
    </group>
    <group>
        <level resource="@raw/level_1_4_island" title="@string/level_1_4_island" time="@string/level_1_4_time" />
        </group>
    <group>
        <level resource="@raw/level_1_5_island" title="@string/level_1_5_island" time="@string/level_1_5_time" past="true">
            <dialog>
                <diary resource="@string/Diary2" />
            </dialog>
        </level>
    </group>
    <group>
        <level resource="@raw/level_3_9_sewer" title="@string/level_3_9_sewer" time="@string/level_3_9_time" past="true">
            <dialog>
                <character1 resource ="@xml/level_3_9_dialog_kyle"/>
                <character2 resource ="@xml/level_3_9_dialog_rokudou"/>
                <diary resource ="@string/Diary6"/>
            </dialog>
        </level>
    </group>
</levelTree>
